,avg,max,med,min,q25,q75,std,activity
0,0.060694635854036644,0.29632236254302624,0.007509197578073237,-0.01578451808509011,-0.01276606673400912,0.10410900437548719,0.10182852482480866,bad_back_tall_arch
1,-9.423853695612354e-05,0.004420639537258741,-6.941742947167638e-05,-0.00956818647205697,-0.0010741340434913353,0.0010639444755881347,0.001934074731684406,bad_back_tall_arch
2,-0.0005868418937759747,0.003370686064680674,-0.0006383083667109351,-0.002129772438442995,-0.0010120917330970398,-0.0001959288901705931,0.0008201915168886918,bad_back_tall_arch
3,-0.0010765447040029786,0.00017006544667855193,-0.001133442097229491,-0.0021355998279883642,-0.0015729219670016022,-0.0005374157925714048,0.0006068016318330422,bad_back_tall_arch
4,-0.0013219456072090813,0.0015187099785234162,-0.0015104170146112235,-0.0026306193858835506,-0.002042471143399211,-0.0009630245720470919,0.0009478379186077763,bad_back_tall_arch
5,-0.0011075941614518813,0.002408408190523884,-0.0014004821621977422,-0.0025155198960572964,-0.0018135398105531817,-0.00023694649335769273,0.0009656376745203803,bad_back_tall_arch
6,0.001938161991314383,0.011241731366040621,0.0016656286258807868,-0.0017095462916565396,0.000578673914790621,0.00254059993024522,0.00271233331754738,bad_back_tall_arch
7,-5.048875750210139e-06,0.0012799483523235338,0.00013459004232533318,-0.0010799822070325599,-0.00048748197229793585,0.0003769388150116658,0.0005655952799107373,bad_back_tall_arch
8,-0.0006587806590561122,0.0013713359648361413,-0.0008430031022289805,-0.0017505693702262483,-0.0010927265215427973,-0.00030682676215704636,0.0007287383788047291,bad_back_tall_arch
9,-0.0003995105646930245,0.003682156249531056,-0.0007550586096807393,-0.002317833015651811,-0.0015512586004023511,0.000173130962265005,0.0014835958344956172,bad_back_tall_arch
10,0.001966806509068433,0.006540488110768184,0.001169449858556689,-0.0015629459960098905,-0.0002925576080474142,0.004162026750074161,0.002449067323210158,bad_back_tall_arch
11,-0.0007745975676007451,0.0003865140895663447,-0.0008911233890124313,-0.0020493768036675686,-0.0013135748390509772,-0.00019911095930774377,0.0006216209657993736,bad_back_tall_arch
12,-0.000909728638771584,0.0020847739542557654,-0.0011207758374528064,-0.00267401995587398,-0.001581691435948343,-0.00027308062268910734,0.0010650019296009013,bad_back_tall_arch
13,-0.0011106297068888247,-6.773972196083721e-06,-0.001304557120729447,-0.0017471340215377742,-0.0016695992426703269,-0.0006204178483483536,0.000625284847986253,bad_back_tall_arch
14,0.1642994184093799,0.36251819854015044,0.14109610428465244,0.027622414625861375,0.07076296272312375,0.24084376070635735,0.11719778806966452,bad_back_tall_arch
15,-0.00028085775892133606,0.014249349318034494,-0.00022061624330924848,-0.005754312609138282,-0.0006037032677871365,0.00014787742359427525,0.0018729982854005303,bad_back_tall_arch
16,6.486920457675208e-05,0.0029082846373775567,-0.0001852095915540906,-0.0020367769051870873,-0.0006649120965154583,0.0008452167862271768,0.001151904832531979,bad_back_tall_arch
17,-0.0017243671638391394,-0.00020689476442469949,-0.0017451680839523393,-0.003034511474467044,-0.002203788804304779,-0.0013063644135420875,0.0007324326796232421,bad_back_tall_arch
18,-0.001441476984587962,-0.00016398987548120442,-0.001323652439105703,-0.003000146836477156,-0.001984594240367245,-0.0008159255894783782,0.0007252202355534279,bad_back_tall_arch
19,0.00019329687809750365,0.003527505892407161,0.0003102707105301936,-0.0026845846150466163,-0.0010200169894255143,0.0010842886722913039,0.0015973225508043266,bad_back_tall_arch
20,-0.00015233306062178677,0.003097212936819712,-0.000598056662616316,-0.0019272806790027834,-0.001265004656898332,0.0010538943362855698,0.0013535757570300579,bad_back_tall_arch
21,-0.0009187129479475422,0.0019833759125278704,-0.001115055972931576,-0.0023471706971603537,-0.0016470481114833724,-0.00020798572055618934,0.0009143260919289701,bad_back_tall_arch
22,-0.0011810034039114769,0.0005775648905242478,-0.0013588286606706834,-0.002285525561168071,-0.0016474209844374989,-0.0007447928510614393,0.0006397405738124209,bad_back_tall_arch
23,-0.00038004767387443564,0.0032703831643552442,-0.0006511364929185932,-0.003038344594525926,-0.0010420334175962852,0.00030260377450747847,0.0013063396726636601,bad_back_tall_arch
24,-0.0002924128411332426,0.0016168525079799123,-0.00031861619413939204,-0.0020773775593975682,-0.0011398262258693855,0.0004789172327025622,0.0009837571023703423,bad_back_tall_arch
25,-0.0009647785322025957,0.0003838408425902825,-0.0008998869280802558,-0.0022822246573394123,-0.0014062402726969989,-0.0005237133819018347,0.000607093625493968,bad_back_tall_arch
26,-0.0013064294178155786,0.0013453253149569534,-0.0014398995563636252,-0.003106748211763377,-0.0018707296433498625,-0.0009515172150885083,0.0009152058717501934,bad_back_tall_arch
27,-0.0012508141816166024,-0.0006774590324908812,-0.0011093402772589921,-0.002578000520338561,-0.0013274883276716048,-0.000856540022281631,0.0005556574589210249,bad_back_tall_arch
28,0.33899731134384115,1.0303443631090268,0.2257927784242534,-0.03479040438562355,0.038512187068756316,0.563673599303392,0.37174086885608004,bad_back_tall_arch
29,-0.00040328083870150766,0.018853086343149382,-0.0005123472786046238,-0.043535673521278274,-0.0017317292908051154,0.0006723933711428178,0.008913665063082032,bad_back_tall_arch
30,-0.0005848221986768555,0.0021248514880244347,-0.0006050750416668003,-0.0026028911320065662,-0.0013337708808482296,0.00021465988769679584,0.0011300364942121643,bad_back_tall_arch
31,-0.0008617250959221323,0.00043883417729613554,-0.0009165270480125969,-0.0019895986498799137,-0.0013460278277746998,-0.0003403690821762137,0.0006187363067941944,bad_back_tall_arch
32,-0.0012765793328630042,0.00024804775809117354,-0.001268862197114273,-0.0029658417260176317,-0.0019218707060348222,-0.0007010432004421709,0.0008541862892198161,bad_back_tall_arch
33,-0.0015816494838953303,-0.0006187621850185609,-0.0015436254133595108,-0.0029963915359515615,-0.0018237768763442275,-0.001259570299457684,0.0005221245564702699,bad_back_tall_arch
34,-0.001709388690807214,0.0006963311870019074,-0.0019647233005911607,-0.0034321255792505315,-0.0029717188155859563,-0.0005968580601693548,0.0013407312041870789,bad_back_tall_arch
35,-0.0012875452913303825,0.00152830194715529,-0.0014284359473824273,-0.0027770223690963655,-0.001849767089611967,-0.0008953216727540183,0.0009211047011114818,bad_back_tall_arch
36,-0.0009690379254277359,0.0022764614939170622,-0.0010334213030775581,-0.003209548079638737,-0.0016591506914832622,-0.0005180099924031686,0.0011428857360818773,bad_back_tall_arch
37,-0.0017388615854325145,-0.0003169307663043951,-0.0017684406564192478,-0.0031744927453385813,-0.002178161298249293,-0.0011771390330208005,0.0006442311678467254,bad_back_tall_arch
38,0.00014695641910505901,0.00749950288632229,-0.00048085929858806154,-0.0034797556083595196,-0.0018870482568506778,0.0014825172947131602,0.0026538973521999776,bad_back_tall_arch
39,-0.0010463207243759335,0.0017952409506074712,-0.0012022321090265884,-0.002902862543461824,-0.002014721936572242,-0.00025870170181023483,0.0011680111564583147,bad_back_tall_arch
40,-0.0021100038730711987,-0.00026750606781716154,-0.002235504410129068,-0.003376085594831359,-0.0026270392927418024,-0.0017019425984690284,0.0007088800478623111,bad_back_tall_arch
41,0.0015039800459521648,0.014959930923249936,-0.001338832971534878,-0.0036857204016113258,-0.0021487584179240185,0.003897403681005232,0.005618605160694786,bad_back_tall_arch
42,0.06833781310101152,1.061916012144503,0.017499803238696494,-0.04271081738127757,0.0013628175184655764,0.06661679600879063,0.17065766643619837,bad_back_tall_arch
43,-0.0025261665048703793,0.0028962419649244137,-0.002753820535235663,-0.004234297346869798,-0.0031616746516978777,-0.0022160655833992986,0.00125947187827171,bad_back_tall_arch
44,-0.002661872635156695,-0.0016568037759877047,-0.002429634945572557,-0.004066348489141515,-0.003206886118246933,-0.002168815735586932,0.0006460847813892132,bad_back_tall_arch
45,-0.003627108335227146,-0.0014498853626573136,-0.0038004318217436024,-0.0043219043757222715,-0.003973400353927851,-0.003527705762295924,0.000619718456218291,bad_back_tall_arch
46,-0.0027721630586467795,-0.001187159820220252,-0.0028445175230655466,-0.004849058956373105,-0.0034186472226880225,-0.0018999793555424696,0.0009432480853172811,bad_back_tall_arch
47,-0.0034259962964487516,-0.002491788185997473,-0.0034611540595278992,-0.004425454304808458,-0.003723116454491353,-0.003094186073821787,0.0004477930634408957,bad_back_tall_arch
48,-0.003222991899356951,0.00015703910507360307,-0.003715660737615553,-0.004758471660308755,-0.0040631901850387755,-0.0028930289845403934,0.00131138264251718,bad_back_tall_arch
49,-0.0035514539368805445,-0.00038643685958287806,-0.003910993794775813,-0.004974612338258251,-0.004491028626803107,-0.003302158442875374,0.001235735422913526,bad_back_tall_arch
50,-0.0027619806234009726,0.001809283011203144,-0.0033059954354319595,-0.004044861422605087,-0.0036288718650833826,-0.002496250998794649,0.00143250656845011,bad_back_tall_arch
51,-0.0031948896208985247,-0.0016445228685626834,-0.0033147467456433803,-0.004210447184104869,-0.0035580026929741193,-0.0028117223268691095,0.0005704364149158553,bad_back_tall_arch
52,-0.003659631687282926,-0.0013778274527482652,-0.003890636050998817,-0.004715417134411947,-0.004131431287645921,-0.0033435064419706606,0.0007690842426908414,bad_back_tall_arch
53,-0.002382623675567592,0.000960074332289392,-0.002741520614122534,-0.004062718418278739,-0.003399403452529584,-0.001593875615619217,0.0013038580454261108,bad_back_tall_arch
54,-0.003276561932892035,-0.002524067156841057,-0.003265380299890838,-0.004017882031372051,-0.003617034074363879,-0.0029556866845154755,0.0004279524541876887,bad_back_tall_arch
55,0.03903946395301852,0.9147111926539208,-0.0008005173365373849,-0.05859447814657837,-0.0027498714338315923,0.002743880900340636,0.166033439543457,bad_back_tall_arch
56,0.0016673476110355939,0.01346946618870498,-0.0011488229974725168,-0.002841889961229066,-0.0023167449068994027,0.00685526448824768,0.005141307389858975,bad_back_tall_arch
57,-0.0016289122515322236,0.0015798385173811694,-0.0017943312603379662,-0.003058175087022203,-0.0025315116123153037,-0.000948329041817908,0.0010829644691296408,bad_back_tall_arch
58,0.0024074719271658506,0.01871532952966888,-0.0015865176269547448,-0.002610351957484363,-0.0020246155291063373,0.005514737168581303,0.006578671085240046,bad_back_tall_arch
59,1.4856245566519616e-05,0.009839939561118638,-0.0012594576958529441,-0.003059000652166715,-0.0023407214599488503,0.00027449883569138656,0.003508074017180144,bad_back_tall_arch
60,-0.0011853479126539043,0.002479436516943142,-0.0016673941062308882,-0.002667638891311369,-0.0019266256309849168,-0.001082560053932866,0.0013258691660176546,bad_back_tall_arch
61,4.865537946318705e-05,0.009445795026552075,-0.0013572266677578126,-0.002883047171638385,-0.002177287930691733,0.0008832277503212273,0.003205712835045049,bad_back_tall_arch
62,-0.0024918896284896242,-0.001417984586945076,-0.002554684525167293,-0.003218724985942109,-0.0027490609265718945,-0.00233063281341181,0.0003948418556273289,bad_back_tall_arch
63,-0.002018503190853929,0.0003050679830389048,-0.002233681459043266,-0.0030943997910668304,-0.002775520778449063,-0.0014142716287433646,0.0009064314520490489,bad_back_tall_arch
64,-0.0018510470062198649,0.0027105022993878787,-0.0023878486042068336,-0.003750868146537791,-0.0026648712381325467,-0.00169843693032879,0.0015262777855477845,bad_back_tall_arch
65,0.00037009477964251213,0.018335081738756944,-0.0015875218676565566,-0.0028314523591006016,-0.002055465827513207,-0.00044190978837809316,0.005085025657963245,bad_back_tall_arch
66,-0.00255653718923036,-0.0017849182873389974,-0.0025520872357371943,-0.003323390774537174,-0.002792025318029702,-0.0023338040630523594,0.00036166182599162974,bad_back_tall_arch
67,-0.002529851744328807,-0.0017748436051292507,-0.0024916059301373344,-0.0031300039647092627,-0.00289143317682345,-0.0022629802393549386,0.0003631256100815786,bad_back_tall_arch
68,0.004367384077019867,0.011137684500182207,0.0033771988154409805,0.00042672948107016286,0.0012790808599428172,0.006771277655260088,0.0037556079256842244,bad_back_tall_arch
69,-0.0010407393139699264,0.002180021569550322,-0.00137106107655155,-0.002565783071819084,-0.0019384673142762271,-0.00022010893371869224,0.001179990618349819,bad_back_tall_arch
70,-0.0018666002286124393,0.00030772376261896405,-0.0019865529677435194,-0.0025853146932482284,-0.002213141940156053,-0.00177078614343182,0.0005921441261540779,bad_back_tall_arch
71,-0.0019072747172417183,-0.0009334811774905589,-0.0019266508017257078,-0.0026732753051138553,-0.002119372385594831,-0.0017264138403141763,0.0003614895909913574,bad_back_tall_arch
72,-0.0015319702230200574,0.0005452955753379744,-0.0016261954495587084,-0.002453923689239571,-0.0019934194549888085,-0.0012240902032055003,0.0006707974689138204,bad_back_tall_arch
73,-0.0018425675401322259,-0.00039259999095550855,-0.0018896602122794811,-0.002700483249383491,-0.002312898015408403,-0.0014832883830381836,0.0005682580008173708,bad_back_tall_arch
74,0.00395418063721267,0.020291590016947875,0.0009550729142871143,-0.001811857555132105,-0.0005673767393347115,0.007210474872844812,0.006278488877275342,bad_back_tall_arch
75,-0.0008692963084302935,0.0010782686477994379,-0.0010610435767129448,-0.0021242985684664724,-0.0013469108204462736,-0.00033364113046710037,0.000796682143475752,bad_back_tall_arch
76,-0.0013159979187109835,0.00046529265738481316,-0.00140936033382644,-0.0032231318538955382,-0.001933816882851175,-0.0006288397720287879,0.0009233144428969803,bad_back_tall_arch
77,-0.001810568095670392,0.0009923551482172346,-0.0019274321233814118,-0.0032160724775737917,-0.002336952905319539,-0.0016888556734811185,0.0009409687581797316,bad_back_tall_arch
78,0.004150578493230436,0.016782870145333247,0.003111696622189187,-0.002305176938965591,-0.0008155129198757346,0.007708943805175119,0.005421380924899044,bad_back_tall_arch
79,0.000802589978782307,0.004035044932770149,0.0004771965390294521,-0.0016948376948565387,-0.00036155327962516067,0.001751177790996667,0.0014935851178997238,bad_back_tall_arch
80,0.002817481174293265,0.0134581175073899,0.0003870834518789948,-0.0022121449676137032,-0.0009223776054971603,0.0060153006426913,0.004594577746451638,bad_back_tall_arch
81,0.0034322659121162275,0.006864515153033899,0.003259101137194926,0.0004914590249616314,0.0017762410223743554,0.004946035894239753,0.0022330311624250867,bad_back_tall_arch
82,0.0400670060083385,0.5856666806462288,0.008695756951383062,-0.043080023931609875,-0.000764739491944702,0.050808998805833595,0.08672544646565082,bad_neck
83,0.002776056672767966,0.024226121120593885,0.0008678578909307531,-0.009244837837288406,-0.005495377951100817,0.008165420153181013,0.009592726005405451,bad_neck
84,-0.005713817761809774,0.010596757035240366,-0.00821723102311181,-0.009934224856388911,-0.00949502009438851,-0.0058252706205245905,0.005847466077384777,bad_neck
85,-0.006919453945798414,0.0008694054937194223,-0.007361503645159317,-0.010897964809085066,-0.008961359774353696,-0.0056092099660726815,0.0027705319484083923,bad_neck
86,-0.0073821797133857385,-0.0010301915854532494,-0.00875662705489494,-0.010693075467035303,-0.0092188791711384,-0.005801997675006234,0.0027195014707029814,bad_neck
87,0.004048919729201416,0.018020371948895806,0.0036446100401101625,-0.00955867911070535,-0.0027094372995901794,0.01168226217321533,0.007986798160687555,bad_neck
88,0.000720324537383067,0.02533956808573714,-0.002102446714879403,-0.008347561639637952,-0.003911530054041138,0.0012992522125066478,0.007772211579689453,bad_neck
89,-0.009645279840267437,-0.008495686363674652,-0.009634500501035988,-0.010196167872111209,-0.00986936352593358,-0.00947253165481461,0.00032901047011295423,bad_neck
90,-0.005012319298489093,0.010863081113217203,-0.006484346851194954,-0.009973867830344816,-0.008593072469060152,-0.0037400910968123906,0.00502412969259828,bad_neck
91,0.014721012074834826,0.042478674065491835,0.009510980190394583,-0.0028855277054579305,0.003700704811801827,0.025542138224049257,0.014282836701783251,bad_neck
92,-0.0026412948293425024,0.023868929027843336,-0.007092087378557396,-0.00987368157750392,-0.007880004613484135,-0.003631898489137637,0.009221937540403546,bad_neck
93,-0.007256548286836377,-0.00024112992213115946,-0.007595700970246117,-0.01003776210268183,-0.008524869366977892,-0.007013652447008506,0.0021336045454126047,bad_neck
94,-0.008889342626746627,-0.005299691589256172,-0.0089209663554864,-0.011027176554119424,-0.009917498670633462,-0.008176128622937772,0.001242214484205987,bad_neck
95,0.03725780843071941,0.6260420881823462,0.004403400662596449,-0.03059401663547014,0.00027608841866214864,0.00915567040453739,0.12183567721739061,bad_neck
96,-0.002991671193746738,0.00017373870465242928,-0.0031109139866124626,-0.0050136585320176555,-0.003885130188115194,-0.0021386627416188205,0.0011422621323271033,bad_neck
97,-0.002343184836637409,0.00099524803181274,-0.00276710755658042,-0.004258533552237615,-0.0032255375128235485,-0.0018211354197433768,0.0013874383543621813,bad_neck
98,-0.0005903282020992964,0.010008466248294831,-0.0026827141579637403,-0.004462270304379683,-0.0034823176411783886,0.0017896751490462364,0.0039499312783265635,bad_neck
99,0.01755791369166408,0.06478870468210883,0.008374709095376921,-0.004077798232670696,-0.0016256255983057325,0.04104341997301899,0.022690173769410876,bad_neck
100,-0.002290282133405543,0.004758184019231716,-0.0028395742110712,-0.005501434877950478,-0.004128694812792834,-0.0009455606094456997,0.0024355461371260213,bad_neck
101,-0.003071510104095671,-0.0008363394693486133,-0.002806397116053976,-0.005198328811216024,-0.004195035273081866,-0.002110286871722395,0.0012317227261262754,bad_neck
102,-0.0015533387712407124,0.005739366672417367,-0.003025452172039563,-0.0041790497788602565,-0.003760472134321796,-0.00021928006282120432,0.0029193989107132996,bad_neck
103,-0.002956949335039497,0.004501749758291185,-0.003935546784899202,-0.00529276349863944,-0.004747353769587337,-0.0024415199092982054,0.0025474532626469726,bad_neck
104,-0.004204013705147707,-0.0015141649597229516,-0.004368774472775681,-0.005661351369054154,-0.004928958084854595,-0.00387614110499304,0.0009810589892660939,bad_neck
105,-0.004460353491579639,-0.0033116965751801702,-0.004425469471440363,-0.005643964655501167,-0.004752091424485169,-0.004170373441520694,0.0005273279264626162,bad_neck
106,-0.00415022684694953,-0.003064668578183595,-0.004196386522301442,-0.005409819012720707,-0.004561825070735352,-0.003754726072777914,0.0005181069338169243,bad_neck
107,-0.004395565715876678,-0.003105001900392416,-0.004413993116988604,-0.005270949853256853,-0.0048702757907009,-0.004128943259163764,0.0005817923907793982,bad_neck
108,0.22068090674279744,0.6067916967726988,0.16619236763753112,-0.022405449312757675,0.041591894875508746,0.36063912927909003,0.221979873778502,bad_neck
109,0.003368747079614352,0.02890223536339958,0.006092623006319449,-0.046799517508923055,-0.002215412113336041,0.009168094478751977,0.014277199694765812,bad_neck
110,0.0038454765379767027,0.014700856776529945,0.0024799783626521686,-0.001875087599313896,0.000642965785504987,0.006935819893257891,0.004494914550667253,bad_neck
111,-0.002977724602776918,0.00574418864316542,-0.004442376802955062,-0.00763390658138642,-0.00608292526361779,-8.72003450070368e-05,0.0037494711175358425,bad_neck
112,0.0025933525948626875,0.031024752717566925,-0.0017013447199679826,-0.007746257046694044,-0.005159235856805561,0.00806968430644052,0.010306984306946489,bad_neck
113,0.00047818465939823777,0.03260612482166639,-0.0038738500475308177,-0.007996840460853862,-0.0056154498248972085,0.0036587888816931955,0.009682249910430056,bad_neck
114,0.005561488434398,0.035508196411528394,0.00522989206891964,-0.009602688664427213,-0.004946620010101642,0.011492867319344926,0.01192058518749017,bad_neck
115,0.01933420624194556,0.06820228861638182,0.01107678159428467,-0.00551280086151163,0.004251038950403727,0.028812936585532398,0.02216306666653852,bad_neck
116,-0.005370894130902691,0.03228465328704805,-0.009041777282432707,-0.010277666730205807,-0.009931747413300962,-0.006968658914391567,0.008580079442477155,bad_neck
117,-0.006127766437059992,0.001350508519526803,-0.008520998353423936,-0.009651698877684895,-0.009268693998000219,-0.0019948313960392295,0.004001642931595011,bad_neck
118,-0.006322288861703415,-0.0009701831857838577,-0.0071323594580227755,-0.010064804902756214,-0.008929354982836795,-0.0031620536079244653,0.002877995414124766,bad_neck
119,-0.00798750986901988,-0.0012165436438093325,-0.009046472266482182,-0.010385748623778083,-0.009698362410098832,-0.007468715886265709,0.002356165248495966,bad_neck
120,-0.009148792298897718,-0.0019986085851090908,-0.009479847879039983,-0.010458104063528212,-0.00966785538530817,-0.009053529564568778,0.0012993537931375644,bad_neck
121,-0.008954078171210623,-0.00821910262840417,-0.008817772657346401,-0.009966951459491764,-0.009555971669838192,-0.008327004340964119,0.0006573774130827899,bad_neck
122,0.0018663013286495708,0.002901636844085692,0.0019075594183968875,0.0007433777724276767,0.0013270966266665442,0.002451835981671054,0.0008614191362427172,good_posture
123,-0.0003195884589048592,0.003275473991801211,-0.0008081846778261508,-0.0019303994338569456,-0.0012018504138785432,0.0006365924825243214,0.0012815521404602858,good_posture
124,-0.0008767286185006964,0.000328417173898987,-0.000903582376085983,-0.002020236924172865,-0.0013245452934141236,-0.00047318118906384957,0.0005514753503189386,good_posture
125,-0.00023367079058833046,0.003282481888613327,-0.0005037157797760809,-0.0016329820763890557,-0.0009458092159100535,7.949056443476055e-05,0.0010681760168751323,good_posture
126,0.00033411468891620695,0.0018826608499081753,0.00022830860346766444,-0.0014633558274468872,-0.00022834019926609427,0.0010293781176774954,0.0008538917215161875,good_posture
127,1.1549242317819136e-05,0.001757675386319431,-6.799633448394753e-05,-0.001461208323731015,-0.000587711821648094,0.0005343571751103477,0.0007466239364089534,good_posture
128,-0.0005832534551061755,0.0011202901545807997,-0.000722469448319378,-0.0019414767983481924,-0.0008906893071374894,-0.00011314956422443173,0.0006539941007556351,good_posture
129,-8.888353354378777e-05,0.0022431657343466916,-0.0002714800274752048,-0.0014790557137699398,-0.0007215982130859674,0.0005023731070663844,0.0008900069383899792,good_posture
130,0.0009680394110346997,0.0031054205461623742,0.000793390065672062,-0.0003285879917216764,0.00019866203927812272,0.0014633106213627406,0.0009321361556062379,good_posture
131,-0.0002969256848896698,0.0034238568671618066,-0.0006980171415937875,-0.0019465379656387974,-0.0013418323548161398,0.00036302888039097155,0.0013558904919669938,good_posture
132,-0.0008799438071662554,0.0023354380142186796,-0.0009124574227986455,-0.0023505177527771274,-0.001508032845455293,-0.0006215984782081594,0.0009933370303216353,good_posture
133,0.000531900522961306,0.0037176174651653033,0.00021977431934244818,-0.0014774209548629167,-0.00039630783014792565,0.0011617024791795922,0.0013086424349897092,good_posture
134,0.0009758794889420465,0.0033813660489820847,0.0009644225208733797,-0.0008979352994876362,0.0002281535703394538,0.001641693971835061,0.0010272053998471302,good_posture
135,0.0014570315823313098,0.006026603928583048,0.001477986634203236,-0.0003913623341961307,0.0003946104411679681,0.002138031437191134,0.0013349306447987739,good_posture
136,0.00464789495454982,0.030266080241520436,-0.00042104120436702063,-0.0017765054462397306,-0.0013546005197549564,0.009854167586771581,0.009029896709523857,good_posture
137,0.00025966230292887965,0.0029173729780407535,0.00015485655768730203,-0.0014920756894575642,-0.0004468349486392184,0.0009824043189902234,0.0010206375973495403,good_posture
138,5.490341167554388e-05,0.0038844172210845828,-0.0002032108290292188,-0.0015654516093994025,-0.0007820481634366086,0.0006278228114760545,0.0012909998233076511,good_posture
139,-0.0015064854625895035,-0.00044809639626691803,-0.0015344961097266616,-0.002264106558434159,-0.0018328913658753748,-0.0012961296017150955,0.0004153096708418042,good_posture
140,-0.0011307052987766274,0.0010596684807716442,-0.0012207949292136328,-0.002700731861338553,-0.0015761293124334581,-0.0007105192675174449,0.0007828657183706001,good_posture
141,-0.0007551138409718176,0.0005612416356727723,-0.0007711732742879029,-0.0018919887904847576,-0.0012617833228796055,-0.00023305522329007924,0.0006031011246610656,good_posture
142,0.0006317741478418283,0.0035848685027033813,0.0008770960857638428,-0.0023717986491664468,-0.0007702634031666415,0.00188681733980569,0.001605131520967771,good_posture
143,-0.0008454956159563518,0.0006295493251426056,-0.0008808183747937721,-0.002069019642356587,-0.0013433910567806837,-0.0004472651897682658,0.0006763039591454025,good_posture
144,-0.0011658208862073552,-0.00013345281981693642,-0.0010946237552430667,-0.002390754899624758,-0.0016650311984073116,-0.0006194579487250737,0.0006282203818075389,good_posture
145,0.0022782682166304345,0.009612178856596904,0.0003935099147414704,-0.002537462283181688,-0.0002695545300108203,0.005480249188523216,0.0036500341295338645,good_posture
146,-0.0007718217078143542,0.0018666516701397733,-0.0007535587391113581,-0.0028136543793459475,-0.0013471329155636635,-0.00036542485677147906,0.0009869837249903753,good_posture
147,-0.0003952197744580769,0.002107704452934816,-0.00042958801896693003,-0.00195438577306962,-0.001001931987761061,3.8255406168678733e-05,0.0008982376105226816,good_posture
148,-0.00011531125927493718,0.0011612647587924741,2.0637197756660103e-05,-0.0013604552988300885,-0.0006864639100388542,0.00045430512227248696,0.0006779188286701103,good_posture
149,0.03255751284553775,0.05212285749232238,0.03065899866600965,0.01804600919466633,0.023095924284148108,0.04062230316483662,0.012178877094559105,good_posture
150,0.001877520424866443,0.016102548670416765,0.0010113329356905112,-0.0013592613935430895,-0.00045482639796843346,0.002807823517387121,0.0033148710130349282,good_posture
151,0.0019819489761711325,0.01010310371847415,0.0007598589780532863,-0.0016002539267437393,-0.00031827860435596904,0.0031564019534299245,0.00327172074872908,good_posture
152,-0.001067771230883159,0.0014286197673480602,-0.0012138977082603213,-0.0027587048905531146,-0.0018631298728748395,-0.0005357699072803396,0.0011355601056953575,good_posture
153,-0.002300558126818875,-0.0003061624215654897,-0.0024644915434359213,-0.003197363935720945,-0.0028400288331718966,-0.001939885973977305,0.0007295073947674032,good_posture
154,0.0009087821430231809,0.013725850181163015,-0.001208726632943065,-0.0028122053381174693,-0.0020412443332157495,0.002928844616832433,0.004249986861716826,good_posture
155,0.003400037073330833,0.015384720353764677,0.0021129261561031653,-0.0013784757654226065,0.00040916741516455214,0.005334069788848957,0.004130212193086905,good_posture
156,-0.0022502847000260198,-0.00044898145153035904,-0.0022356975742944167,-0.0033361588687109106,-0.002648393627711296,-0.0018176940184809975,0.0005668277348826085,good_posture
157,-0.00235635411907619,-0.0016137763759309265,-0.0022678246962193407,-0.003666673242395712,-0.0027066909449261667,-0.0019561131310875486,0.0005155653244454232,good_posture
158,-0.0005600946135400297,0.002614297863396284,-0.0004945104356455853,-0.0028347169783337076,-0.0018261750128402547,0.0003031992517332646,0.0014840179528229369,good_posture
159,0.0002711724435137067,0.013046865571591796,-0.000691280713045569,-0.002617079060773731,-0.0012932617317346926,-0.0003316206792213554,0.0035806230320443023,good_posture
160,-0.002154152812670517,-0.00012211177927518724,-0.002214092949987478,-0.003310577055355181,-0.0026690444487450756,-0.0015553766995789523,0.0006998605023929039,good_posture
161,0.00031321750580622234,0.015946980573905034,-0.0020182338841333654,-0.003459310081167202,-0.002632627000992891,0.0012264896740726585,0.004941226413092616,good_posture
162,0.0009769458735242483,0.004193880417913522,0.0018007026192606113,-0.002451192566223567,-0.0007347194018815901,0.0021818658275547373,0.0019486642312199897,good_posture
163,0.03522347733430907,0.497294366853769,-0.003973971607723899,-0.02790457626444457,-0.007539825976133096,-0.0033960285238327937,0.11601101710913637,good_posture
164,-0.0002947343093353954,0.013180955345987677,-0.0020533596930524026,-0.004696077586359813,-0.0035708702287316606,0.0013396532047135574,0.004556012378083846,good_posture
165,0.004949350743506163,0.04929882992396664,-0.000891957463927682,-0.003957676367066878,-0.0025732757112957912,0.007012909412419077,0.013241525479015337,good_posture
166,-0.0034797672528538515,-0.00011701547007146503,-0.0036486394239569533,-0.00507951586030942,-0.004255380177427645,-0.002937042160366288,0.0011627229244258635,good_posture
167,0.0006928057799497618,0.016797028081487635,-0.0037129720572831866,-0.005097267273382684,-0.004540549657224177,0.005855848521132936,0.0072275925254672345,good_posture
168,0.0010501281283225258,0.013735488595434713,0.00011669160576218295,-0.0044349294656272605,-0.0031524742461358337,0.003472465760988867,0.004721330980945052,good_posture
169,-0.003981031899476353,-0.0027221595865609878,-0.0042051316272282875,-0.005162702774220862,-0.0045352922689651035,-0.0032681532857026935,0.0007159259355284653,good_posture
170,-0.0031732705880927327,0.0009890003673335617,-0.003469143610530987,-0.003929111902622509,-0.00373280699973397,-0.0029818637819051708,0.0009605350159744367,good_posture
171,0.002843730374203567,0.012783430969830206,0.003144661525263202,-0.004517070830315363,-0.0021197425176566723,0.006922686401801271,0.005288482882840595,good_posture
172,4.10454738172506e-05,0.007825874017831741,-0.0016730240789548153,-0.004836955560755991,-0.0031245418392541217,0.004672219944599295,0.004208896614547133,good_posture
173,-0.00402508034394562,-0.002651701721812872,-0.0041229574403169374,-0.005250952593972137,-0.004360959692768042,-0.0036664020774208835,0.0006129080157239559,good_posture
174,-0.0037783319464155395,-0.002467283391789407,-0.0038818319051954135,-0.004925335184161836,-0.004242945366470113,-0.003297557014599523,0.0005967290568880393,good_posture
175,-0.0034733477712591454,-0.002518467152034385,-0.003508217739696711,-0.004515561944702636,-0.003918508392502873,-0.0029721382064333978,0.0005944057714150704,good_posture
176,0.07921875850472306,1.4166006723343092,7.67450458410773e-05,-0.09032327266227891,-0.003197790498689417,0.0018919547827613219,0.2905414999366303,good_posture
177,-0.0025536337651521743,-0.0012525407586868945,-0.002543946048773676,-0.0036670404910425403,-0.0030846937976614433,-0.0020847974968829816,0.0006886058036045576,good_posture
178,-0.0021339996741412807,-0.0005918962199354097,-0.002121025055455127,-0.0035706431058946343,-0.0029587764939009225,-0.0013883342742484104,0.0008938765730245586,good_posture
179,-0.0017288840418827884,0.0014086085645928352,-0.0020399930249784173,-0.003580873920810295,-0.002419045730835954,-0.0012077597042990248,0.0011548681160096716,good_posture
180,-0.0021962666982645682,-0.0010456178740471487,-0.0021504116068874358,-0.0033728454475801923,-0.002706572085864607,-0.00167030844873261,0.0006337172302828337,good_posture
181,-0.0022658605930222873,-0.00026353240199759843,-0.0025554946862383614,-0.0037996465385717487,-0.00311347633149204,-0.0014137665616251115,0.001029738332106085,good_posture
182,0.0002548164212292908,0.011724847511590511,-0.0020778448585284425,-0.0030987746985366538,-0.002485893531235615,0.0035615272972197463,0.004297120768509239,good_posture
183,0.00022631132847394957,0.0035833629902557087,-0.00010720239989027293,-0.0028021627035759488,-0.0013273533584466238,0.001937157305486341,0.0018153466774445558,good_posture
184,-0.0023824763572849895,-0.0008053877325796466,-0.002380853275454991,-0.0033410181347181393,-0.0029409886590194573,-0.0020691193752163284,0.0006143906527455477,good_posture
185,-0.0008457886760462135,0.004774449975936345,-0.0018269901420314572,-0.003016735041345863,-0.0024809324528278433,-4.724335451008451e-05,0.0022147747122345015,good_posture
186,-0.0021992230393222648,-0.00019564294620195868,-0.002413223225355266,-0.0030700840299602303,-0.0028049134796464823,-0.0017094565804186023,0.0007819673809836495,good_posture
187,-0.0021558512679590368,8.553207368427516e-05,-0.002683011278820834,-0.0036476431294106756,-0.0030020636929894385,-0.0013195952704573145,0.0011170524540802039,good_posture
188,-0.002741627581697198,-0.002297868120267415,-0.0027022850131577323,-0.0033638966010274356,-0.002883802489944383,-0.002522320635598207,0.0002728472378457864,good_posture
189,0.0009639515981063907,0.003570615031913652,0.0009110367546507882,-0.0015034145100443542,-0.00034539497049708044,0.002221740015923077,0.0019058282954049577,good_posture
190,-0.008002862316228206,-0.002307022471205322,-0.008751524900372747,-0.010012903994081598,-0.009403711973187626,-0.007510285804424597,0.0020228087055416833,good_posture
191,-0.004182437980696234,0.010765676236558365,-0.007568875040859301,-0.010454330977328185,-0.008805537518267164,-2.867301940915762e-05,0.00599340736810164,good_posture
192,0.0023085607480927413,0.024921220397512624,0.0002211689810454363,-0.007517472600660269,-0.0037265929986521145,0.008199019449258688,0.007693848293672225,good_posture
193,0.009518940870894575,0.05078730651603066,0.004337658679147291,-0.006971338402528431,-0.0045904072884332715,0.019806399919317055,0.016126091395293227,good_posture
194,-0.0005399351013038836,0.01253553530234021,-0.0006676033295740473,-0.00972864192428145,-0.005860784905151984,0.003785728858757138,0.006035436756414286,good_posture
195,-0.0024174199830463957,0.015289885702648245,-0.0043431282280570315,-0.008454205549370368,-0.006555538061714626,0.00043527299491805284,0.005483271903066906,good_posture
196,0.015234139389706467,0.0358272147303088,0.01256440173033767,-0.0015284015248293128,0.008621535553026798,0.02104405024301457,0.010545991219823143,good_posture
197,0.009427202126547171,0.020126115654788532,0.011254548685123178,-0.002329027522087816,0.0019781788629792893,0.016163505596998258,0.007477451524424048,good_posture
198,-0.003479610485779223,0.002325149443245236,-0.004230732696381271,-0.007747667127416142,-0.005370169713719327,-0.0019613492446918287,0.002552203350423287,good_posture
199,-0.00637126081991364,-0.002393316585592822,-0.00633694245746357,-0.008903876807311334,-0.007798066450185409,-0.00528109228227586,0.0016426376413193338,good_posture
200,-0.0026175142271809056,0.01180326533181213,-0.004391703154100967,-0.007774118023431283,-0.006125098425994023,-0.0015352595054389387,0.005030182948428994,good_posture
201,-0.004725099050700839,0.01224116634319107,-0.00718149977078035,-0.009440148527335027,-0.007922471260535998,-0.004273471599943297,0.0055511294967573,good_posture
202,-0.009348974467529034,-0.008871987008303495,-0.009135525538912172,-0.01038565826061186,-0.00963141045150575,-0.008948796881309545,0.0005175265194450948,good_posture
203,0.00351945679809672,0.014004952534257275,0.0031503024283127726,-0.0018965509548162908,0.001192568791643705,0.006412502101484245,0.0038327328109321363,bad_back_slouch
204,0.0006979196961600027,0.0075477553460532865,-5.07267747466947e-05,-0.001605825915808319,-0.0005577194234208625,0.0005276982391386879,0.0021017589961812803,bad_back_slouch
205,0.0015509522881986162,0.0073140989272981495,0.0013712794611094134,-0.0012347260013401257,-0.000312209214309664,0.0024857733168410986,0.0020523152365383725,bad_back_slouch
206,0.000851969801269377,0.0026883527329170996,0.0008260262147483969,-0.0009556655042217378,4.4074471232720636e-05,0.0014130764741423867,0.0010296842889880493,bad_back_slouch
207,0.0002088356481295801,0.0019709929609946553,8.978087085174832e-05,-0.001083735139705876,-0.0004002178015094894,0.0006953824635713809,0.0008301937343826282,bad_back_slouch
208,-0.000889891951162569,-0.00023048267705433602,-0.0009183348507034527,-0.0014665428972515816,-0.0011060108393594376,-0.0006359386466369247,0.0003136184250279135,bad_back_slouch
209,-0.000591613986256669,4.548773203073682e-05,-0.000575109739373333,-0.001247663947717531,-0.000887847744238163,-0.0003150714347593252,0.0003705141846516633,bad_back_slouch
210,-0.0004750458331508321,0.001736855077497139,-0.0007201875941291286,-0.0018137428139177578,-0.0010443667106211163,-8.377899696018727e-05,0.0009115211194620792,bad_back_slouch
211,-0.0005662211778340438,0.0011775100877099418,-0.000741278565682164,-0.0014508964054507783,-0.0009455969292553863,-0.00037794667098422043,0.0006159783985004629,bad_back_slouch
212,-0.0008239556242322698,-0.00031208799662832317,-0.0008378564948257934,-0.0012176815383601186,-0.0009913692144426335,-0.0006814652890148533,0.00023374742127694556,bad_back_slouch
213,-0.0003858998997741872,0.00028290706906067075,-0.0004100851771970185,-0.0012951773777811386,-0.0006886611342821039,-5.0669346920132855e-06,0.0004229368446082637,bad_back_slouch
214,-0.0004513811885308157,0.0007792128428421545,-0.0006392744034084283,-0.001284876265890204,-0.0009201709828934799,0.00012920189101740348,0.0005783632694523492,bad_back_slouch
215,-0.00024805042843058716,0.0006712755384787794,-0.00029730111738624263,-0.0010330399626000018,-0.00044552606643143567,-9.799327691952835e-05,0.00037164775962125236,bad_back_slouch
216,0.07054902468633065,0.07987620401947895,0.07139178608614183,0.06499834040799195,0.0672243188483154,0.07266005690462024,0.003872918579013535,bad_back_slouch
217,0.0056846675287091164,0.08334318461668423,-0.0038426260622485965,-0.005777946330584345,-0.004793911958226264,0.0010096163108608968,0.021588271270987718,bad_back_slouch
218,-0.00521390991529376,-0.0035901169486789834,-0.005321978503647137,-0.006500868989642527,-0.005648487269214538,-0.005003824389162833,0.0006658728339221553,bad_back_slouch
219,0.00014444221077902943,0.01737522281024455,-0.0035927641502239587,-0.00582818914725628,-0.004848141976534182,0.002521631002659273,0.006893595083255204,bad_back_slouch
220,-0.00198105117691885,0.004739785653395757,-0.0032261244295377256,-0.005559402816136301,-0.004485888867010169,-8.275779113061915e-05,0.0031636120108790465,bad_back_slouch
221,-0.0037599891935831274,-0.0009598590202913163,-0.0040488083044076225,-0.00471711604933207,-0.004431341650298081,-0.0032635963189663183,0.0008903169810549137,bad_back_slouch
222,-0.004903363138270486,-0.00266467133444241,-0.005395795077434512,-0.006239203594748254,-0.005860993401565137,-0.003864667285368345,0.0011589415888898556,bad_back_slouch
223,-0.0030452382215159384,0.008912360700879158,-0.0051093106210699625,-0.006755317549549848,-0.005746279540810917,-0.003372111009905497,0.0045161003447948605,bad_back_slouch
224,0.006917731623491291,0.03359852026400067,0.0053727914738771025,-0.006039516128483572,-0.00400141742956705,0.011854929393002367,0.011130910727620508,bad_back_slouch
225,-0.0027882970524512637,0.01861297861761078,-0.005692939779756453,-0.006372806272035208,-0.005858564873043907,-0.0009659742507661477,0.005367133052246253,bad_back_slouch
226,-0.0057596201139608295,-0.004928939662438178,-0.005794877817728225,-0.006530603140309497,-0.006049468744005966,-0.005398811960393687,0.0003961985468299292,bad_back_slouch
227,-0.0055304218310967875,-0.003787102794632903,-0.005522644667827515,-0.006502076951207892,-0.005916947303082166,-0.0053092688668775504,0.0006109587277234372,bad_back_slouch
228,0.008263910947016295,0.03959042146862599,0.006894224341494369,-0.00580745406071894,0.0005133554625329834,0.012122847829998512,0.011318885598066498,bad_back_slouch
229,0.0001369624575052594,0.003961933120845933,0.0002401461232933227,-0.003932024296139292,-0.0019232379726924211,0.0022577662316022205,0.0027570321488313344,bad_back_slouch
230,0.018357353499763154,0.30785888777678916,-0.0001933351661712301,-0.017115926428936726,-0.0013511610834907937,0.0011892609202355047,0.06376561060022146,bad_back_slouch
231,-0.0005944126177839191,0.0016107642409439321,-0.0005521563087867599,-0.0023538720978055266,-0.0010896511024009851,-0.00012762363528396977,0.0008679951665758428,bad_back_slouch
232,-0.0008575446807712886,0.003909855593817401,-0.0016389416383729308,-0.002681604035938602,-0.002180320623817659,0.0002723949557698826,0.001702658323972494,bad_back_slouch
233,-0.00047707264796322544,0.0048390499446334095,-0.001404700132401397,-0.0023482950263177104,-0.002052971326332966,0.0006077160731244526,0.0020034089964709855,bad_back_slouch
234,-0.0017086164039967831,-4.393764121351662e-05,-0.0017794749788157451,-0.002872919080875161,-0.00211079801210034,-0.0014397211838603878,0.0006204025527897291,bad_back_slouch
235,-0.0020624105455092556,-0.001225147364387163,-0.0020814832389581847,-0.0026882405620984383,-0.0023581210308908987,-0.001715430008260945,0.0003744490909025604,bad_back_slouch
236,-0.0003097450003730222,0.0064118525177787496,-0.0013868659974138353,-0.0023904683063336067,-0.001987160714938334,0.00027919284936964855,0.0024435998966007124,bad_back_slouch
237,0.005463770152032332,0.01965657116326956,0.004232907471494641,-0.0015117853286580425,0.0012251954977291885,0.00898030992985605,0.005255544722987119,bad_back_slouch
238,0.00207456102019991,0.024128085783900684,-0.0018891246420207866,-0.0030193026794585543,-0.0022207024516020203,0.0023580594804410056,0.007658788153899248,bad_back_slouch
239,-0.0017159984220509062,0.0017457232761908948,-0.0021123478808133143,-0.0027662796927301,-0.0024009844877958602,-0.001423332752607017,0.0010411359490260944,bad_back_slouch
240,0.0004609684050831357,0.009809859422794479,-0.0004063143107667566,-0.0028249413389085905,-0.001818221914000161,0.0009028580534074363,0.003091045917968657,bad_back_slouch
241,-0.0014512324022897846,-0.00018505999704895794,-0.0014959489826194118,-0.0027083520783088965,-0.0019017525441187466,-0.0009733412490937201,0.0006279171084299892,bad_back_slouch
242,-0.0018128776525150115,0.0008520733209304123,-0.001825021975959053,-0.002570943995492938,-0.002231335169241572,-0.0014986185793605148,0.0005330568364483664,bad_back_slouch
243,-0.00010827341334618562,0.0019419401396867987,0.00024985074679503844,-0.00226623297113066,-0.0014740387304972105,0.00108587301281903,0.0013801517634329308,bad_back_slouch
244,0.021625090785114064,0.8221501833435283,-0.002073561455217405,-0.031829667055725035,-0.0030365660608343966,-3.140756402992375e-05,0.1135246959364526,bad_back_slouch
245,0.008117898306571338,0.020869436376028755,0.007128769178589928,-0.0014108287420135826,0.0035521174370237813,0.013163179861146304,0.0064116153827521935,bad_back_slouch
246,-0.0017707140010414226,0.0006048217954216902,-0.0021731750742021044,-0.0032013573305896058,-0.0025723415070037833,-0.0010279756524049666,0.001026130196991653,bad_back_slouch
247,-0.00032671607814695907,0.006274857490718767,-0.0018209985792363428,-0.0037550131077678903,-0.0026324901839825943,0.0022450655559180556,0.0030264611677161416,bad_back_slouch
248,-0.003055420995294108,-0.001696554962188237,-0.003111904243020138,-0.003695138361256088,-0.0033889551140807474,-0.002822994864220098,0.00040774710543531827,bad_back_slouch
249,-0.001852301523088797,0.0015536113129943842,-0.00213986629045806,-0.0035020806184077715,-0.002686549818208902,-0.0012421492724356527,0.0011608919137135424,bad_back_slouch
250,-0.000533836294579988,0.004677520399329265,-0.0007166557154896977,-0.0033557750061571287,-0.0021989224351503596,0.0007476637744100988,0.0021088713191988536,bad_back_slouch
251,-0.002305254059812521,-0.00044915063378366156,-0.0025263950745491376,-0.003706189178740668,-0.002825214133588914,-0.002059791475447301,0.0008300089926429444,bad_back_slouch
252,-0.0029467841172208867,-0.0017259129379609021,-0.003083754628124293,-0.0036119194886440648,-0.003372469232194182,-0.0026212428872672607,0.0005187741207254621,bad_back_slouch
253,-0.0024232421159662604,-0.00020122996606562591,-0.0025284180985053668,-0.003648164291695562,-0.0031896877868559026,-0.0018676152762195854,0.0009008570502869182,bad_back_slouch
254,-0.002377047326886672,-0.0011485244158135686,-0.002492190643168919,-0.0036181467641466783,-0.0027887001962017704,-0.001960420219979152,0.0006055209317390279,bad_back_slouch
255,-0.0020059146405694717,0.0015178187676114416,-0.002470147448055836,-0.0035015254175165714,-0.0029043253037870993,-0.0013391106238687907,0.001280542262955894,bad_back_slouch
256,0.0033737370263879373,0.009599103780577182,0.004191016873916341,-0.005630979293717982,-0.0015496661147416072,0.008086770147392515,0.004953392352974505,bad_back_slouch
257,0.005348346832335895,0.025602663568763964,0.00175555941172336,-0.0024285119375068893,-0.0006926097731043603,0.007987698971697604,0.008266868704269716,bad_back_slouch
258,-0.0012792317939582067,7.305989649813272e-05,-0.0013223496059470623,-0.002266836799743325,-0.0016696108997664566,-0.0009047419328630662,0.0005359358751484268,bad_back_slouch
259,-0.0007463174508381603,0.0012165105160066205,-0.0010355408543636748,-0.0018214487439880474,-0.0014684959797376003,-0.00025959806467861966,0.0008435821874869699,bad_back_slouch
260,-0.0008680334657624005,0.00016759900262444015,-0.0009426113107179507,-0.0018281197416141813,-0.0011664571918621732,-0.0005974263318083425,0.0004428937747526924,bad_back_slouch
261,-0.0010798288446507947,0.00011360851728876536,-0.0010045080346896787,-0.002399661011209131,-0.0014378466619216284,-0.0006729058556450841,0.0005507783728764806,bad_back_slouch
262,-0.0010273497851762314,0.0002598121199936441,-0.0009987413338147638,-0.002204134793546507,-0.0013056524654775517,-0.0006898559780363516,0.000556621483108233,bad_back_slouch
263,-0.0010191264261472364,-0.00011962883337792823,-0.0009874531114515558,-0.0022779720849855118,-0.0012641536919302454,-0.0006467275068742863,0.0004825853745218986,bad_back_slouch
264,-3.893794357548009e-05,0.002015652281060656,0.0001069414379349416,-0.001799934803011507,-0.000876909706878246,0.0006037537170303427,0.0009713985065275796,bad_back_slouch
265,-0.001049930330854111,0.00042294186262791216,-0.0011938384938639864,-0.002029724533699064,-0.0015511600037063683,-0.0005814504605916697,0.0006558047060467988,bad_back_slouch
266,-0.0011654105521476431,0.0003068475503948565,-0.0012468349972881959,-0.002208660909946116,-0.001569333997672103,-0.0009201854524169033,0.0005680557945916134,bad_back_slouch
267,0.00223898323806239,0.017553047253063742,-0.001025341175263861,-0.0022305197083405653,-0.0016647238296797057,0.004349153086728993,0.006284742618750437,bad_back_slouch
268,0.0005278834325659051,0.004035344745254555,0.0007941383423299844,-0.001356147433376301,-0.0008934464243441562,0.001488510493618245,0.0013624059889702114,bad_back_slouch
269,0.0027484272126716653,0.013825455886954476,-0.0002116096618969387,-0.0019398266354774582,-0.0012229407286085967,0.0087082727995478,0.00531079240179295,bad_back_slouch
270,0.022905259412905197,0.8079838349151649,-0.0002620848519237335,-0.05033449228260557,-0.0021467355071842424,0.0008823910040108858,0.11993516207560372,bad_back_slouch
271,-0.0004440510293669225,0.0007891191094000312,-0.00034550999714024817,-0.0019271307688099983,-0.000961584315407719,-2.0824126289588632e-05,0.0005927469344512827,bad_back_slouch
272,-0.0007949888551903816,0.0019031744226205198,-0.0010110388693738987,-0.0021543362040943527,-0.0013368643754311993,-0.0005734035703038362,0.0008649898624599284,bad_back_slouch
273,-0.0015105220517886348,-0.0006848581290195572,-0.0015477009039212767,-0.0023882855033671778,-0.0018651192275030161,-0.001126696057306758,0.000469950565757663,bad_back_slouch
274,-0.0011077242557906166,0.0006726030466496009,-0.0012322675311369404,-0.0026238832373020717,-0.0014376350000465388,-0.0005563838888525657,0.0007920503712898725,bad_back_slouch
275,-0.0003402668562099353,0.0011676247791697096,-0.0004423548286789826,-0.0015192854589101174,-0.0007961401939481246,0.00011026760288755265,0.0006115977665367933,bad_back_slouch
276,-0.0011080503256750013,0.00012215919629353649,-0.001105558521990276,-0.002098605694934556,-0.0013143647948319723,-0.0009161523133514976,0.0004967809334803741,bad_back_slouch
277,-0.0013790850317487878,-0.00011582718058922542,-0.0012906216369966243,-0.0024620530938816035,-0.001798418571051128,-0.0010447004405583979,0.0005519185182977496,bad_back_slouch
278,-0.001011076031649554,0.0008112185215402041,-0.0012124928911089422,-0.002319734319707691,-0.00146195638201892,-0.0009552015599064151,0.0007862478450261223,bad_back_slouch
279,-0.00011111286750296947,0.0010367059555845405,-0.0002275468275574089,-0.0009920576330394865,-0.0004360866178706774,0.0002263390388806675,0.0005105772730093357,bad_back_slouch
280,-0.0005689881168868317,0.001862958706485097,-0.0007447571224945201,-0.0018741317762466382,-0.001242536523079579,-5.223979739432101e-05,0.0008898874199494773,bad_back_slouch
281,-0.0005660238390149059,0.0034821949450112555,-0.000988118849136526,-0.0019336123619475571,-0.001246739246821959,-0.00020738259891138922,0.0012332972403452922,bad_back_slouch
282,-0.0013132513123680217,-9.036412260490159e-05,-0.001325988985129451,-0.0017382566624736734,-0.0015324993497617728,-0.0011572944875860131,0.0003188097526732081,bad_back_slouch
